customer_id,gender,age,tenure,balance,products_number,has_credit_card,is_active_member,estimated_salary,churn
1,Male,29,9,39186,2,0,1,5544.9,0
2,Male,49,10,80976.9,1,1,1,100515,0
3,Male,34,3,29292.3,3,1,0,143909,0
4,Male,49,4,84710.2,1,0,1,12565.6,0
5,Male,33,2,67874.9,1,0,1,146266,1
6,Male,64,5,60436.9,3,0,1,95321,0
7,Female,35,1,4277.65,1,1,0,95582.2,1
8,Male,32,1,60153.7,3,1,1,93868.6,0
9,Male,64,10,82398.3,2,0,0,49522.9,0
10,Female,59,5,716.71,3,1,1,72721.7,0
11,Male,33,8,64192.3,1,0,0,43870.4,0
12,Male,29,4,94394,4,1,0,80123.6,0
13,Female,33,8,83423.9,4,0,0,78601.5,1
14,Female,47,2,1905.19,3,1,0,93679.1,1
15,Female,43,7,81417.6,1,1,0,17288.1,0
16,Male,45,6,24742.3,2,1,1,115004,1
17,Male,29,10,96800.5,1,0,0,102688,1
18,Male,55,5,76878,3,1,0,17590.8,1
19,Female,36,10,65648.2,2,0,0,125261,1
20,Female,37,3,9931.09,3,0,1,14436.8,1
21,Female,63,10,12726.8,3,0,0,28589.3,0
22,Male,41,1,91925.9,2,0,0,48697.9,1
23,Female,26,9,95897,1,1,1,135584,1
24,Male,38,4,55018.5,3,1,1,143000,1
25,Female,18,5,13692.1,2,1,1,134774,0
26,Female,22,1,16727.2,3,0,1,24877.3,0
27,Male,25,4,24674.5,1,0,0,126703,1
28,Female,46,8,99798.8,4,1,1,132126,1
29,Male,57,3,8418.49,3,0,1,40342.5,0
30,Female,57,5,79378.7,3,0,1,132376,0
31,Female,34,5,1328.32,4,0,1,95258,0
32,Female,49,8,82379.6,4,1,1,137122,1
33,Male,41,9,74293.9,1,1,0,89632,1
34,Female,36,8,78700.6,3,1,0,72484.6,1
35,Female,49,1,13802.7,3,0,0,41385,0
36,Female,42,5,80161.1,3,1,0,89698.5,0
37,Female,35,2,82359.9,3,0,0,76609.1,0
38,Female,31,5,54808.7,2,0,0,115499,0
39,Male,44,8,147.07,4,0,0,70749.8,0
40,Female,31,7,51115.7,3,0,1,58269.1,0
41,Female,52,9,10913,1,1,0,111153,1
42,Female,40,4,31705.8,3,0,0,75927,1
43,Male,40,10,32305.7,4,0,1,114943,1
44,Male,51,7,31405.1,3,1,1,87646.3,0
45,Male,47,10,11982,3,1,1,117231,1
46,Male,53,4,70025,2,1,1,104304,1
47,Female,46,8,23410.9,4,0,0,147100,0
48,Female,54,5,83811,4,0,1,11484.2,1
49,Male,61,4,26957.6,1,0,1,116192,0
50,Female,59,9,76440.1,2,1,0,75069.2,0
51,Female,29,8,1933.61,4,0,1,76609.2,1
52,Male,34,7,7924.45,3,1,0,87069.3,1
53,Male,39,7,11537.7,3,0,0,73206,0
54,Male,43,1,70351.6,2,1,0,127563,0
55,Female,32,8,67962,2,0,1,86132.8,1
56,Male,53,10,40806.6,2,0,1,27653.5,0
57,Male,27,2,33788.6,1,1,0,91242.9,1
58,Male,53,3,23655.4,2,0,0,132791,0
59,Female,18,5,38300.6,2,0,0,137622,1
60,Male,24,7,99309.3,4,1,0,117974,1
61,Female,30,4,89458.9,2,1,0,109104,0
62,Female,62,1,42203.7,1,1,1,50265.3,1
63,Female,48,8,92293.3,2,1,1,42890.4,1
64,Female,39,4,27464,2,0,0,84827.9,1
65,Male,66,8,75418.3,3,1,1,28222.3,1
66,Male,25,5,79227.8,3,1,1,130073,1
67,Female,45,3,61794.8,2,1,1,137430,1
68,Male,60,3,45249.4,3,1,1,14236.8,1
69,Female,67,10,56442.5,1,1,0,76184,0
70,Female,46,5,72528.6,1,1,1,37290.8,0
71,Male,47,6,84156.8,3,1,0,3258.22,1
72,Male,44,3,84387,2,0,0,54371.9,0
73,Male,19,10,78114.1,4,1,1,8756.49,0
74,Male,35,8,70866.6,2,0,1,132597,0
75,Female,60,9,43828.1,4,1,1,79967,1
76,Female,42,4,32463.8,3,1,0,3746.55,0
77,Male,22,3,8438.61,3,1,0,20846.8,0
78,Female,53,9,2178.05,3,1,1,9694.47,0
79,Female,59,5,53599.1,2,1,0,20613.3,1
80,Female,35,8,57449.4,3,1,0,91390.2,1
81,Male,45,5,57519.7,3,1,0,65675.1,0
82,Female,38,6,67617.9,3,0,1,79214.1,1
83,Male,39,4,52464.9,3,0,1,48749.4,1
84,Female,58,10,47711.9,2,1,1,98424.2,1
85,Female,29,5,39300.7,3,0,1,141348,0
86,Male,22,4,63413.4,1,0,1,38820.4,0
87,Male,23,5,71040.2,2,1,1,39660.9,1
88,Female,18,2,69949.5,1,0,1,101774,1
89,Male,63,1,61701,4,1,0,125944,0
90,Female,24,1,66445.4,2,0,0,73183.5,0
91,Female,45,6,99435.8,2,1,1,133121,0
92,Female,34,9,29689,4,1,0,12624.1,0
93,Male,37,9,94877,2,1,0,96992.6,1
94,Female,67,10,75646.6,4,1,1,97171.3,1
95,Male,57,10,22837.1,2,0,1,133270,0
96,Male,25,3,80789.9,2,0,0,37403.7,1
97,Male,59,1,96456.7,3,1,1,126419,0
98,Male,43,10,23603.5,2,1,1,58175.9,0
99,Female,65,10,72484.6,4,0,1,7902.1,1
100,Male,22,4,52326,3,0,0,44020.3,0
101,Male,55,3,13667.1,4,1,1,49290.9,0
102,Male,26,7,70233,3,1,0,67510.7,0
103,Male,25,5,99140.1,2,1,0,10092.3,1
104,Female,62,8,22372.6,4,0,0,122690,1
105,Female,65,5,28455.2,1,1,1,35905,1
106,Male,40,1,92341.2,2,1,0,40026.1,1
107,Female,21,8,45205,1,1,1,126927,1
108,Male,57,7,73029.3,4,1,0,8596.35,1
109,Female,42,6,7571.72,4,0,1,80696.1,1
110,Male,47,4,21830.9,4,1,1,86570.3,0
111,Female,40,3,2668.12,2,0,0,100741,0
112,Female,36,3,91214.9,4,0,0,133757,0
113,Male,40,10,52912.4,3,0,1,109678,1
114,Female,67,10,74064.6,4,0,0,94836.8,1
115,Female,45,9,66034.9,3,1,0,112433,0
116,Female,23,7,70550.1,3,0,1,33780.2,0
117,Female,19,1,39002.1,3,0,1,66207.7,1
118,Male,49,9,10253.2,1,0,1,5212.44,1
119,Female,67,7,8766.03,3,1,1,127740,1
120,Female,19,10,90182.4,3,1,1,13169.4,0
121,Female,28,1,70502.6,2,1,1,71930.4,1
122,Male,45,4,22082.8,4,0,0,124459,0
123,Male,59,8,5161.29,1,0,0,143103,1
124,Female,58,1,81851.1,4,0,1,121612,0
125,Female,34,8,94759.9,2,0,0,60854.6,1
126,Male,29,4,27632.1,1,0,1,53302.1,1
127,Female,39,6,22775.1,3,0,0,1394.9,1
128,Female,51,8,67026.1,1,1,1,105224,0
129,Female,54,4,42670.8,1,1,0,148569,1
130,Female,50,2,88773.5,4,0,0,690.58,1
131,Female,63,7,64985.9,1,0,0,13544.3,0
132,Female,66,4,73403.8,3,0,1,63099.7,1
133,Female,43,9,64994.2,4,1,1,5014.69,0
134,Male,29,9,41427.9,3,1,0,39500.6,1
135,Female,52,8,75635.1,2,0,0,62634.2,1
136,Female,43,10,23609,2,1,0,34775.5,1
137,Male,35,4,91009.5,2,0,0,26719.8,0
138,Female,43,4,35387.3,3,0,0,149623,1
139,Male,64,5,57920.6,2,1,1,125509,1
140,Male,24,1,1494.75,4,0,0,147406,1
141,Female,26,9,77305.1,2,0,1,84952.9,0
142,Female,41,7,80656.2,1,0,0,145433,0
143,Male,51,3,13030.6,4,0,1,37268.9,1
144,Male,42,7,86900.5,2,0,1,62020.6,0
145,Female,56,5,86057.2,1,0,0,24333.1,1
146,Female,53,10,56275.6,1,0,1,84294.1,1
147,Female,55,2,57660.4,2,0,1,81596.4,1
148,Male,38,9,19306.2,2,0,0,78412.4,1
149,Male,64,7,52219.5,3,1,1,11436.5,0
150,Female,41,9,88379.8,4,1,1,28108.6,0
151,Female,59,7,96850.3,4,1,1,27146.4,0
152,Male,38,7,87804.6,3,1,0,102498,0
153,Female,60,3,75851.3,1,1,0,117231,1
154,Male,67,7,14794,4,1,1,26088.1,0
155,Female,63,7,62733.6,1,1,0,26144.1,0
156,Female,50,10,88515.2,3,1,0,141237,0
157,Male,32,3,43421,2,1,1,146121,1
158,Male,58,10,38473.5,1,0,0,132812,1
159,Male,48,6,81056.8,2,1,1,121307,0
160,Female,37,8,49859.6,2,1,1,145223,1
161,Female,44,7,86478.2,2,1,1,118754,0
162,Male,45,6,86201.7,4,0,1,986.12,0
163,Male,65,5,29447.4,1,0,0,66847.2,1
164,Male,60,1,46196.4,2,0,1,84107.8,0
165,Female,62,10,88165,3,1,1,142812,0
166,Male,50,2,78768.6,2,0,1,104018,0
167,Male,28,1,62998.9,4,0,0,2884.39,1
168,Female,50,6,87544.2,3,1,1,87767.5,1
169,Male,43,8,37163.3,3,0,1,79150.7,1
170,Male,45,9,77716.8,1,1,0,77507.3,0
171,Female,39,3,14532.3,4,1,0,126474,1
172,Male,54,5,94648.5,2,0,0,94084,0
173,Male,42,5,87216.3,4,0,1,115157,0
174,Female,19,7,31426.1,3,1,1,118330,1
175,Female,55,2,38456.2,3,1,0,67113.8,1
176,Male,21,4,39478.2,1,1,1,8425,1
177,Female,62,3,75981.3,4,0,0,108817,0
178,Male,56,3,8188.59,3,1,0,147072,0
179,Female,31,7,55775.8,4,0,1,136712,0
180,Male,66,5,30544.3,1,0,0,45798.7,0
181,Male,48,10,9832.5,3,0,0,51834.8,1
182,Male,27,6,23046.8,2,1,1,56337.7,1
183,Female,50,2,81138,3,0,1,136052,1
184,Female,57,4,52067.4,2,1,0,90292.2,1
185,Male,65,3,63462.3,2,1,1,136443,1
186,Male,61,6,36670.6,1,0,1,44317.1,1
187,Male,35,7,10349.2,3,1,1,47985.6,1
188,Male,21,4,52479.1,3,0,0,82476.4,0
189,Male,18,1,38353.2,3,0,1,119709,0
190,Male,27,7,76952.5,4,1,1,147317,0
191,Female,62,6,97203.6,2,0,0,109373,0
192,Male,31,4,4669.97,1,1,0,139006,1
193,Female,39,1,7287.93,1,0,1,77771.1,0
194,Female,66,10,74441.3,4,0,0,71605.6,0
195,Female,32,5,33186,2,1,0,25188,0
196,Female,33,8,62274.8,4,1,1,105101,1
197,Female,66,9,55618.9,1,1,0,18341.8,0
198,Male,53,9,33901.3,1,0,0,140425,0
199,Female,29,7,51258.7,3,1,0,2717.01,1
200,Female,39,7,14865.7,3,1,0,28386.3,1
201,Female,29,9,64254.9,3,0,1,25874.7,1
202,Male,39,2,29709.4,1,1,0,34564.6,0
203,Female,21,10,65666.6,2,1,0,31183.6,1
204,Male,58,2,14601.9,2,0,0,71360.8,1
205,Female,57,4,36827.4,4,1,1,92373.3,1
206,Male,66,4,6707.63,1,1,0,55840.1,0
207,Male,60,3,69458.5,3,0,0,77808.4,0
208,Female,35,7,24339.9,1,0,1,46662.2,1
209,Female,44,10,34651.1,4,1,1,123475,1
210,Male,63,3,66631.1,2,0,1,15038.3,1
211,Female,50,5,16038.3,3,0,1,133203,0
212,Male,24,6,61534.1,2,1,1,102534,1
213,Male,28,7,46041.3,2,1,1,140695,0
214,Male,18,5,12525.6,2,0,1,101456,1
215,Male,19,9,15394.8,1,1,1,132170,1
216,Female,43,8,26471.1,1,0,0,133534,0
217,Female,66,10,59877.9,2,1,0,57772.8,1
218,Male,40,7,68038.6,3,1,1,87257.5,1
219,Male,56,5,78621.5,3,0,0,80739.3,0
220,Female,55,10,45276.2,2,1,1,26086.2,0
221,Female,65,10,472.34,1,0,1,79064.8,1
222,Female,50,5,9347.79,1,1,1,114827,1
223,Female,18,10,97163.5,4,0,0,131755,0
224,Male,66,6,213.74,2,0,0,26973.4,1
225,Male,63,6,81523.6,3,0,0,27073.7,1
226,Male,37,9,23117.8,3,1,0,57177.7,0
227,Male,23,1,79653.7,4,0,0,124174,0
228,Female,37,5,96652,3,1,1,22197.1,0
229,Female,57,5,96813.4,2,0,1,30825.2,0
230,Female,55,1,6538.33,1,0,1,49560.1,1
231,Female,24,1,79040.5,4,1,0,48128.1,1
232,Female,43,1,62433.2,1,0,0,117067,1
233,Male,47,2,84579.4,4,1,0,58613.4,1
234,Male,62,6,91595.8,1,0,1,65354.5,0
235,Male,33,3,30020.5,3,1,1,21449.7,1
236,Male,31,8,83852.8,4,0,0,65866.7,0
237,Male,27,7,89917.4,2,0,1,130844,1
238,Male,49,4,90610.4,2,0,0,143131,1
239,Female,41,9,9082.07,4,1,0,115776,0
240,Male,35,4,87367.9,1,0,1,85825.8,0
241,Female,19,5,36726.6,2,1,1,56961.3,1
242,Male,30,6,74693.2,1,1,1,22001.5,0
243,Female,49,9,12427.1,1,1,0,59619.9,1
244,Male,43,3,79055.2,1,0,1,130798,0
245,Female,42,1,83310.5,4,0,0,130404,1
246,Male,47,8,77114.7,3,0,1,81900.5,0
247,Male,65,9,24885.2,4,0,1,20204.9,0
248,Male,33,1,32073.1,2,0,1,55675.5,0
249,Female,19,4,55539.8,4,0,1,76533.3,0
250,Female,54,1,87797,2,0,0,104938,0
251,Male,66,9,29498,4,1,0,68936.5,0
252,Male,28,8,8442.23,1,1,0,33074.7,1
253,Female,32,8,6664.94,4,1,0,53345,1
254,Female,50,6,94664.7,4,0,0,123151,1
255,Female,26,10,14135.2,4,0,0,114967,1
256,Female,31,5,37479.2,3,1,0,57436.2,1
257,Female,58,10,43754.6,1,1,1,123302,0
258,Male,19,6,47229.7,4,1,0,137434,1
259,Female,59,1,58901.2,4,1,0,149973,0
260,Female,32,3,26127.8,3,0,1,74401.3,0
261,Female,67,10,87914.2,2,1,1,126041,0
262,Female,63,1,31048.5,3,1,0,135359,1
263,Male,47,4,10543.2,2,1,0,19249.2,0
264,Female,25,5,91055.7,1,1,0,91347.2,1
265,Female,37,2,45278,4,0,1,61665.9,1
266,Male,64,4,87774.8,2,0,0,112996,1
267,Female,59,3,91921.5,3,1,0,28743.6,1
268,Male,41,3,92827.7,4,0,0,78268.8,1
269,Female,35,8,86810.1,4,0,1,83761.4,1
270,Female,67,3,9516.76,4,1,1,107527,1
271,Male,26,2,30677,1,0,1,36550.5,0
272,Female,57,8,29479.4,2,1,1,60061.9,1
273,Female,38,5,11605,1,1,0,66881.6,1
274,Male,44,6,10567.3,4,0,1,76260.6,1
275,Male,58,9,68909.2,4,1,0,38625.2,1
276,Female,30,6,80347,2,0,1,37012.4,1
277,Female,33,6,85923.8,3,1,0,77763.9,0
278,Female,35,3,3954.53,3,1,0,140692,0
279,Female,51,6,55858.8,2,1,0,15319.9,1
280,Female,35,8,85406.6,4,0,0,52240.9,1
281,Female,28,3,74317.7,4,0,0,97941.8,1
282,Female,40,8,47531.5,1,0,1,144793,0
283,Male,60,6,40235.1,1,1,0,96584.3,1
284,Female,28,3,72122.9,4,1,1,38598.6,0
285,Female,55,9,98768.5,2,0,0,118126,0
286,Male,64,2,79550.1,3,1,0,8224.73,1
287,Female,26,4,33200.3,3,1,0,132780,0
288,Male,22,8,37369.3,3,0,0,52512.2,0
289,Male,58,9,60439.7,3,0,0,106169,0
290,Female,44,9,47479.2,4,0,0,22077.4,0
291,Male,63,1,39478.8,4,0,1,30406.9,1
292,Male,67,6,80654.9,2,0,0,55169.7,0
293,Female,33,9,20323.4,3,0,1,33734.2,0
294,Male,33,7,43802.2,1,0,1,37639.6,0
295,Male,56,6,65051.5,2,0,1,6010.88,1
296,Female,24,1,84728.3,1,1,1,58700.7,0
297,Female,29,6,30823.7,3,1,1,54169.9,1
298,Female,57,10,12023.9,4,0,1,41596.2,1
299,Male,66,4,98834.6,4,0,1,101369,0
300,Male,28,8,9193.87,1,1,1,20396.1,0
301,Female,46,2,25809.1,3,1,1,125394,1
302,Female,47,9,38184.9,2,1,1,144263,0
303,Female,44,10,18694.3,1,1,1,140219,0
304,Male,53,5,30803.4,1,0,1,140643,0
305,Male,29,7,58282,4,0,0,15335.9,1
306,Female,39,9,98253.8,2,1,1,126005,0
307,Male,27,6,14153.5,1,1,0,23444.4,1
308,Female,50,2,75499.2,2,0,0,61756,1
309,Female,56,1,98565.5,3,1,1,108361,1
310,Female,51,10,70155.3,3,0,0,22848.6,0
311,Female,25,5,65248.6,4,0,0,118122,0
312,Female,20,3,14512.7,4,0,0,27812.5,1
313,Female,55,9,95369.4,1,0,1,138370,1
314,Male,32,2,89010.1,4,0,0,38999.6,1
315,Female,36,1,30606.5,2,1,1,13590.1,0
316,Male,42,3,94858.8,4,1,0,123684,0
317,Male,66,10,3797.62,1,0,0,110943,1
318,Male,24,7,67161.8,3,1,0,148445,1
319,Female,25,1,75398,3,1,1,147391,1
320,Male,35,10,77233,4,1,1,8746,0
321,Female,29,5,53091.3,2,0,0,90642.2,1
322,Female,35,3,27678.6,3,0,1,117081,0
323,Female,43,4,98560.6,1,0,0,16570.6,0
324,Male,43,1,76349.1,3,1,1,135978,0
325,Female,23,1,17171.6,3,0,0,35409.7,1
326,Male,36,1,17832.8,3,0,1,70795.7,1
327,Female,50,5,26764.2,1,0,0,87122,0
328,Female,23,6,36588.7,1,1,0,117908,1
329,Male,28,10,23844.1,2,1,0,85392.6,1
330,Female,49,10,84948.7,2,0,1,76019.9,1
331,Female,61,1,52273.8,3,0,0,4960.6,1
332,Male,67,1,976.55,1,0,1,85726.7,0
333,Male,44,3,61913.7,2,0,0,83781.4,0
334,Male,34,5,15438.3,2,1,0,84906.8,1
335,Male,31,7,40414,1,0,1,69946.1,1
336,Male,31,3,21447.1,2,1,1,58081.2,0
337,Female,62,5,54402.4,2,0,1,6855.48,0
338,Female,61,7,44111.6,2,1,1,72631.8,1
339,Male,48,4,91236,2,1,0,28338.9,0
340,Female,50,10,57891.3,1,0,1,20445.1,1
341,Female,52,9,22452.5,3,0,1,148272,0
342,Male,35,9,24542.3,3,0,0,124618,1
343,Female,23,1,4638.28,4,1,0,27683.7,1
344,Male,66,6,79477.8,2,0,0,53590.1,0
345,Male,44,2,20828.8,3,0,1,149551,0
346,Male,20,2,35058.1,2,0,1,11615.3,1
347,Female,27,2,22587.7,3,1,1,132651,0
348,Male,41,1,75811.7,3,0,1,83417.8,0
349,Female,60,4,16337.5,4,0,1,85146.5,1
350,Female,67,5,35307.9,2,1,1,142949,1
351,Male,43,3,87505.1,3,0,1,139555,0
352,Female,55,3,96116.8,1,1,1,113329,1
353,Female,59,3,96906.5,4,1,1,36805.9,1
354,Male,39,7,6901.34,2,0,0,104036,0
355,Female,34,4,56228.8,4,1,0,23147.1,1
356,Female,23,4,58618.9,4,0,0,32992,0
357,Female,47,10,3119.77,2,0,1,9401.6,1
358,Female,47,10,8621.14,3,0,0,65446,1
359,Male,65,7,52338.9,3,0,0,13992.2,1
360,Female,22,7,76053.2,4,1,1,116152,0
361,Male,65,10,12055.4,3,1,1,132266,1
362,Female,23,7,10659.8,2,0,0,120287,1
363,Male,24,5,73129.2,2,1,1,142095,1
364,Male,28,7,82032.3,1,1,0,36608.9,1
365,Male,46,3,64307.8,2,0,1,24328.2,0
366,Female,53,6,54889.3,1,1,0,45472.9,0
367,Male,66,6,67897.8,4,0,0,35775.8,1
368,Male,48,9,21037.1,3,0,1,27291.2,0
369,Male,56,4,52499.4,3,0,1,70460.6,0
370,Male,34,6,97350.1,1,0,0,69589.1,1
371,Male,64,3,60327.8,1,0,0,116050,0
372,Male,48,6,68285.4,4,0,1,9570.84,0
373,Female,49,6,99651.2,2,0,1,140101,0
374,Female,52,7,14014.2,4,0,1,102393,1
375,Female,26,8,43672.8,4,1,1,59650.7,0
376,Male,47,1,38509.7,4,0,1,147300,0
377,Female,53,7,3557.12,2,0,1,19011.4,1
378,Female,48,6,11206.7,4,1,1,39839.2,1
379,Female,19,1,2426.95,1,0,1,117166,0
380,Female,65,10,89233.5,3,0,1,26370.3,0
381,Male,60,1,57174.6,4,0,1,132335,1
382,Male,22,3,21571.8,1,0,1,141785,1
383,Male,40,8,35733.8,3,1,1,98747.6,0
384,Female,44,9,69269.9,4,0,0,95806,1
385,Female,24,10,47521.7,2,1,0,75808.4,1
386,Male,51,9,24378.9,3,1,1,113252,1
387,Female,59,3,63695.5,3,1,1,50415.2,0
388,Male,60,7,88141.7,2,0,0,3672.84,0
389,Male,58,1,59553.7,4,0,0,73200.9,0
390,Female,65,2,88256.5,4,0,0,135092,0
391,Male,60,5,53503.2,2,0,1,64925.7,0
392,Male,48,2,78290.7,3,0,0,55098.2,1
393,Female,61,6,23907.5,2,1,1,105696,0
394,Female,54,4,44988.7,2,1,0,113777,0
395,Female,40,8,29876.8,2,1,0,100087,0
396,Female,19,7,23930.5,1,0,1,73967.2,1
397,Female,66,8,87090.5,1,1,1,15970,1
398,Male,21,10,64271.6,2,1,1,9142.26,0
399,Male,21,9,2923.86,3,1,1,8596.77,0
400,Male,23,3,13492.8,4,1,1,95943,0
401,Female,38,5,5818.02,4,0,0,83838,0
402,Male,25,10,51011.6,3,0,1,77998.7,1
403,Male,42,1,73943.1,3,1,1,108064,0
404,Male,60,3,50022.8,4,1,1,8381.03,1
405,Female,25,7,79758,1,1,0,6501.02,1
406,Male,24,3,90003.5,3,1,0,81697.7,0
407,Male,31,10,78046.9,1,0,1,17269.4,1
408,Female,56,3,4970.75,2,0,1,142494,0
409,Female,31,9,21231.6,3,1,1,16204.7,0
410,Male,45,9,61887.6,3,1,0,128095,1
411,Male,27,8,33560.7,2,1,0,36415.5,1
412,Female,42,1,93091.1,2,0,1,42533.4,0
413,Female,66,9,39091.8,2,1,1,138712,1
414,Female,45,6,98771.4,2,1,0,5780.58,0
415,Female,21,3,85432.9,3,1,0,90023.7,1
416,Male,66,7,37539.4,4,0,1,43976.2,1
417,Male,53,2,63608.2,3,1,0,124933,1
418,Male,21,2,57084.2,2,0,1,59133.3,1
419,Female,32,10,4090.66,2,0,0,64815.7,1
420,Male,39,9,21580.3,2,0,0,27039.8,0
421,Female,21,4,54714.7,3,1,1,109983,0
422,Female,29,2,19303.7,2,1,1,145438,1
423,Female,53,10,52660.5,4,1,0,74884,0
424,Male,38,6,65959.2,3,1,0,83647.8,1
425,Male,44,9,66921.8,4,0,1,13549.5,1
426,Female,45,8,22408.6,4,0,0,50605.1,1
427,Female,49,6,91776.7,4,1,1,6340.99,1
428,Female,34,2,80282.1,3,0,1,86698,1
429,Female,61,3,50091.9,4,1,1,132028,0
430,Male,52,4,55933.8,4,0,0,14128.8,0
431,Male,50,1,6301.5,2,0,1,51585.6,0
432,Male,24,9,89274.2,4,1,0,71420.6,0
433,Female,59,1,55469.3,4,0,0,148423,0
434,Male,44,5,73908.5,2,0,1,50233.9,1
435,Female,43,1,46063.4,2,0,1,117211,0
436,Female,43,8,4491.03,1,0,0,134955,0
437,Male,40,10,42317.4,1,1,1,130552,1
438,Male,25,3,81700.3,2,0,1,45400.7,1
439,Male,34,7,17733.4,4,0,1,60944,0
440,Female,34,10,99828.1,1,0,0,130076,1
441,Male,25,6,41767.7,2,0,0,110813,0
442,Female,49,6,90062.6,4,0,1,75954.6,1
443,Male,35,8,59419.9,4,0,0,53129.1,0
444,Female,39,4,51521.6,3,1,0,81714.8,1
445,Female,21,2,40787.4,3,0,1,10051.3,0
446,Female,26,10,20647.4,1,0,0,112248,0
447,Male,50,10,81305.3,1,1,1,41082,0
448,Male,66,1,53653,2,1,0,96163.6,1
449,Male,48,5,31630.6,2,0,0,52622.9,1
450,Female,48,8,71626.9,2,0,0,83104.9,0
451,Female,25,1,62545,1,1,0,63462.2,1
452,Male,50,5,30575.5,1,1,1,33691.5,0
453,Male,47,3,60322.4,1,0,0,48954.4,0
454,Female,65,1,54522.9,2,1,0,126282,1
455,Male,34,7,2501.29,2,1,1,16953.8,0
456,Male,32,8,81248.9,4,1,0,139962,1
457,Female,19,3,7261.69,3,0,0,70821.5,0
458,Male,21,1,9097.33,2,0,0,25513.7,0
459,Female,40,10,50499.8,3,1,1,57280.9,1
460,Female,25,1,94490.1,2,1,1,56570.8,1
461,Female,62,9,44684.8,4,1,0,94427.5,0
462,Male,46,8,90954.1,2,0,0,10891.6,1
463,Female,23,3,81364.6,2,0,1,68882.9,0
464,Male,55,7,80025.9,1,1,1,51012.4,1
465,Female,34,9,14550,1,1,0,108983,1
466,Female,42,5,63314.2,4,1,0,60816.2,0
467,Male,29,8,24173.7,4,1,0,3425.65,0
468,Male,44,3,67872.7,3,0,1,89618.6,1
469,Male,49,10,85886.3,2,1,1,33155.7,1
470,Female,56,3,92231.2,4,1,0,72261.4,1
471,Male,24,6,25213.1,3,1,1,139446,1
472,Male,33,5,30909,1,0,0,124506,0
473,Female,50,7,37302.7,4,0,0,84791.9,1
474,Female,61,7,78506.2,4,0,1,76609.3,1
475,Male,48,6,12504.5,4,1,1,5457.27,0
476,Female,58,4,32986.1,3,0,0,10519.6,1
477,Male,40,4,31374.4,3,1,1,77695.2,1
478,Male,33,3,31811,4,0,1,136293,0
479,Male,67,9,50789.3,4,1,1,28656,0
480,Male,56,4,61037.9,4,1,0,33950,1
481,Female,22,2,69507.8,4,0,0,102020,0
482,Male,22,10,63489.1,1,0,0,39841.9,0
483,Male,29,7,69668.7,2,0,0,65655.7,0
484,Male,66,8,62440.6,1,0,0,82886.4,1
485,Female,53,10,66856.9,2,0,0,119616,1
486,Female,19,4,75481.4,3,0,0,147996,1
487,Female,57,3,80.96,1,1,1,134544,0
488,Female,29,6,29210,3,1,1,83556.9,1
489,Female,24,5,62268.9,4,1,0,122238,0
490,Male,21,1,21759.5,4,1,0,33648.6,1
491,Female,20,4,46210.4,2,0,1,54723,0
492,Male,46,8,83066.1,1,1,1,64486.8,1
493,Female,27,2,32889.7,1,1,1,45035.1,1
494,Male,62,4,2693.17,1,0,0,36341.7,1
495,Male,30,10,84827.9,2,1,1,119109,0
496,Male,43,7,71470.3,3,1,1,121358,0
497,Female,66,7,18577.5,1,1,0,142937,0
498,Male,62,9,30787.2,1,1,0,113519,1
499,Male,59,7,72970.4,3,0,1,67227,0
500,Female,35,7,3335.94,2,0,0,2918.41,0
501,Male,30,10,10204.6,3,1,1,136569,1
502,Male,54,1,89714.1,2,0,1,101451,0
503,Male,56,4,26753.3,2,0,1,58859.6,0
504,Male,61,10,2496.54,2,1,1,60076.7,0
505,Male,36,4,67367.8,2,1,1,132734,0
506,Male,40,10,39767.8,1,1,0,144918,1
507,Female,44,2,23586.2,3,1,0,93308.8,0
508,Female,44,3,74187.4,4,0,0,144099,0
509,Female,61,5,47992.9,1,0,0,36712.8,0
510,Female,34,1,35960.9,3,1,0,73056.5,1
511,Male,45,10,97811.8,1,1,1,104394,0
512,Female,56,5,14875.8,2,1,1,123421,0
513,Male,30,2,11039.3,1,1,0,87395.7,1
514,Female,57,10,12779.9,4,0,1,136424,1
515,Female,50,7,7104.09,3,0,1,97440.4,1
516,Female,36,1,16515.4,3,1,1,91509.1,1
517,Female,34,9,39766.9,2,1,0,111989,0
518,Male,57,9,890.78,2,0,0,52725.3,1
519,Female,42,9,76436.3,2,0,1,24130.2,0
520,Female,19,3,25313.6,2,1,1,33227.2,0
521,Female,65,5,52104.3,1,0,0,92292.9,1
522,Female,37,9,2286.97,3,1,1,50464.7,0
523,Male,55,6,44244.5,3,1,0,10226.7,1
524,Male,55,6,49683.2,4,1,0,46571.4,0
525,Male,21,3,3216.68,2,1,1,140701,0
526,Male,64,2,83362.8,4,0,1,135244,1
527,Female,24,8,31071.9,2,1,0,98126.1,0
528,Male,63,3,34025.5,1,0,0,48498.9,1
529,Female,29,4,3077.15,1,1,0,97323,1
530,Male,33,1,35851.4,3,0,1,85748.2,0
531,Male,48,1,34977.4,3,0,1,35149.8,0
532,Male,48,1,41110.4,4,0,0,86051.9,0
533,Male,66,5,46153.3,4,0,1,9293.45,0
534,Female,64,9,53177.1,1,1,0,66807.4,0
535,Male,20,7,29826.3,2,0,1,75382.5,1
536,Male,21,3,87802.4,3,0,0,106314,1
537,Female,48,10,6735.75,2,1,0,129533,0
538,Male,56,8,42016.7,4,0,1,16418.6,1
539,Male,28,6,91444.4,1,0,0,83140.2,0
540,Male,29,1,52707,3,1,0,7734.27,1
541,Female,44,10,37872.6,4,0,0,132137,0
542,Female,57,5,3655.62,4,1,0,28801.8,1
543,Female,18,9,46538.3,3,1,1,11307.5,1
544,Female,19,2,68951.9,4,1,1,44167,1
545,Female,41,2,32743.1,1,0,1,125610,0
546,Female,41,8,13828.3,3,0,1,29951.3,0
547,Female,44,3,83739.2,2,0,1,68914,1
548,Female,19,8,70976.2,2,0,1,33772.5,0
549,Female,33,8,72312.1,2,1,0,8907.87,1
550,Male,54,8,79976.2,3,1,0,13042.2,0
551,Female,43,1,68780.6,2,0,1,29830.1,0
552,Male,42,5,99.53,3,1,0,17122.5,0
553,Male,39,1,4815.06,1,1,1,137108,0
554,Female,44,7,51340.5,3,1,1,18155.6,0
555,Male,49,10,73196.9,4,0,0,51827.2,0
556,Male,25,3,66148.1,3,0,0,38289.2,1
557,Female,23,10,54702.1,4,0,1,142248,1
558,Male,66,10,92937.2,3,1,1,119404,0
559,Female,41,8,39951.8,3,0,1,13014.2,1
560,Male,42,4,53467,2,1,1,33383.9,1
561,Male,61,1,53783.1,3,0,0,78974.7,0
562,Female,63,1,38269.4,4,0,1,82783.5,1
563,Male,41,4,9570.05,3,1,0,86330,0
564,Female,40,7,95559.5,4,0,0,121734,1
565,Female,21,10,58719.1,1,0,0,142258,1
566,Female,44,8,6958.04,1,1,0,16892.8,0
567,Female,23,10,61797.2,1,1,0,144005,0
568,Female,55,3,93274.3,4,1,0,50543.5,1
569,Female,24,1,75295.3,3,0,1,16831.6,1
570,Male,31,5,67411.2,4,0,0,70481.9,0
571,Female,18,6,79238.9,2,1,1,132942,1
572,Male,55,9,81640,3,1,0,2748.19,1
573,Male,61,2,16024.5,2,0,1,22139.2,1
574,Male,57,7,85137.1,2,0,0,54673.8,1
575,Male,41,1,87269,1,0,1,136083,1
576,Female,48,5,63579.1,3,1,0,113143,0
577,Male,22,3,81881.1,2,1,0,84533.4,0
578,Female,45,10,24791.2,2,1,0,33771.8,1
579,Female,48,2,91249.5,1,1,0,22671.1,0
580,Female,46,10,92397,4,0,0,14696.6,0
581,Male,36,8,73506.8,2,1,0,104919,0
582,Female,51,4,88052.1,2,1,1,45958.1,1
583,Male,18,8,83777.1,4,1,1,84542,0
584,Female,30,5,53151.3,2,1,0,42638.7,0
585,Male,30,5,49679.7,1,0,1,77674,1
586,Female,50,4,93703,3,0,0,98737.7,0
587,Male,40,9,4122.15,3,1,1,126077,1
588,Female,18,10,72662.1,4,1,1,98067.3,1
589,Female,51,4,95751.5,3,0,0,28156.3,0
590,Female,39,9,85641.7,4,0,1,7897.87,1
591,Female,40,7,10481.3,2,1,0,31538.6,1
592,Male,46,7,45231.4,2,1,0,136918,0
593,Female,60,5,66902,4,1,1,115131,1
594,Female,39,1,10175.2,2,0,1,19272,1
595,Male,50,9,18634.1,2,1,0,91745.4,1
596,Male,54,7,28169.2,2,1,1,60982.6,1
597,Male,67,7,15411,4,1,0,82469.7,1
598,Female,27,1,92076,2,1,0,107095,1
599,Male,54,4,32886,3,1,1,98040.3,1
600,Female,60,6,15908.2,1,0,1,140769,1
601,Male,66,1,10637.5,3,0,1,4471.31,1
602,Male,40,7,70790.4,3,0,0,38582.6,1
603,Female,30,9,65548.7,3,0,1,115651,0
604,Male,63,4,9172.93,2,1,1,145373,1
605,Female,32,10,6753.57,2,1,0,70042.2,0
606,Male,39,7,17390.5,4,0,1,103085,0
607,Male,48,7,32336,3,1,1,76373.6,1
608,Male,40,5,89867.3,1,0,1,91470,1
609,Male,59,4,36306.6,3,0,0,53079.1,0
610,Female,26,10,29940.5,3,0,1,20726.9,1
611,Female,62,2,6900.4,4,0,0,42876.6,0
612,Male,27,5,71643.5,1,1,0,39527.7,0
613,Female,30,4,5339.68,1,1,1,76371.4,1
614,Male,34,4,58775.9,1,0,0,126446,0
615,Female,30,6,88866.6,4,1,0,114484,1
616,Male,28,9,41521.9,3,0,0,57593.2,1
617,Female,61,1,70550.8,2,1,1,52411.3,0
618,Female,62,8,85677.9,1,0,0,96964.3,1
619,Male,59,4,14672.6,4,0,0,18745,0
620,Male,47,10,12823.2,3,0,1,75959.2,1
621,Male,41,4,9847,3,1,0,136786,0
622,Male,42,9,57720.3,2,1,0,95690,1
623,Female,48,1,47299.1,1,1,0,560.77,1
624,Male,24,10,48870.2,3,0,0,64435.3,1
625,Male,66,8,90430.2,1,1,1,7682.99,0
626,Male,35,4,54457.2,4,0,1,79157.5,1
627,Male,49,9,61981.7,2,0,1,4684.29,1
628,Female,39,6,23695.6,3,1,0,96710.3,1
629,Female,47,10,97559.1,1,0,1,2930.56,0
630,Female,61,7,75651.4,3,0,0,12041.5,0
631,Male,30,3,56539.3,1,1,1,139481,0
632,Male,62,2,4845.07,4,1,1,54648.7,1
633,Male,51,1,18292.1,4,0,1,111570,0
634,Male,65,4,66509.5,2,0,1,93068.2,0
635,Female,52,10,64751.4,2,0,0,3011.05,0
636,Female,47,5,40996.4,3,0,0,36287.9,1
637,Male,36,8,73562.1,2,1,1,5431.64,0
638,Male,21,9,97469.3,2,1,0,99709.6,1
639,Male,29,1,56458.9,3,1,0,142442,0
640,Male,18,10,91564.4,3,0,1,111868,1
641,Female,60,7,65860.1,2,1,0,77143.1,0
642,Female,63,1,51973.9,2,1,1,33054.9,1
643,Female,59,5,95019.3,2,1,0,131880,1
644,Male,42,7,52209.9,4,0,1,37415,0
645,Female,25,3,86802.1,3,0,1,44944.4,1
646,Female,33,5,39096.8,3,1,1,137961,1
647,Female,33,9,8327.19,1,1,1,32270.1,0
648,Female,18,1,20390.6,4,1,0,44893,0
649,Female,24,2,27967.7,4,0,0,120035,1
650,Female,43,9,58806.8,2,1,0,32014.2,1
651,Male,46,6,17662.6,1,0,0,20572.5,1
652,Female,42,8,22982.9,4,0,0,44491.1,1
653,Male,33,2,69552.6,1,1,0,38440.2,1
654,Male,34,6,82341.8,2,1,0,78169.2,0
655,Female,21,1,2437.58,4,1,0,99900.5,0
656,Female,20,5,15945,2,1,0,113005,0
657,Male,37,5,27556.2,4,1,1,30045.3,0
658,Male,41,4,49953.8,2,0,0,19904.7,0
659,Male,28,1,64097.6,1,0,0,11889.7,0
660,Female,22,3,5709.49,2,0,1,121478,1
661,Male,59,2,27614.5,4,1,1,69545.9,1
662,Male,40,7,94284.8,3,1,1,59369.9,0
663,Female,61,4,31436.5,2,0,0,124981,1
664,Male,52,4,55434.7,4,0,0,141638,0
665,Male,21,10,65878,2,1,0,54220.2,0
666,Male,18,7,6579.33,2,0,0,82199.1,0
667,Male,36,7,6711.65,2,1,1,20792.8,1
668,Female,31,2,72316.3,2,0,0,69981.7,1
669,Female,47,5,45968.8,4,0,0,25961,1
670,Female,24,2,28347.3,1,0,0,6667.11,0
671,Male,56,3,10133.7,3,1,1,68559.9,1
672,Female,63,6,11792.7,4,0,1,16419.4,1
673,Male,49,10,7908.68,2,1,1,25854.7,0
674,Female,47,8,79494.9,4,1,0,49003.7,1
675,Male,55,7,9677.14,2,0,0,42639.5,0
676,Female,41,7,88926.5,2,1,1,77763,1
677,Male,27,8,35948.2,2,0,0,82836.5,0
678,Female,40,4,16358.1,4,0,1,906.48,0
679,Male,58,9,67396.6,4,0,1,24064,1
680,Female,42,5,69454.7,1,1,0,7756.87,0
681,Male,49,5,53437.2,1,1,0,1953.54,1
682,Male,53,2,78731.7,2,1,1,128333,0
683,Male,67,7,46997.3,2,0,1,126390,0
684,Male,28,10,10147,3,0,0,90692.4,1
685,Female,22,2,53931.9,1,0,0,112292,1
686,Female,37,1,26938.7,1,1,1,140087,0
687,Male,44,6,99533.8,2,0,1,47333.2,0
688,Female,33,7,14798.8,4,0,1,133556,1
689,Male,62,5,39588.4,3,1,1,5930.07,1
690,Female,64,5,65924.1,4,0,0,148510,1
691,Female,26,2,43565.4,3,1,1,109160,0
692,Female,26,4,11968,3,1,0,112294,1
693,Male,64,1,61016.5,4,0,0,66672.5,0
694,Male,19,1,5380.96,1,1,1,25863.8,0
695,Male,34,8,94070,2,1,1,79695.4,1
696,Female,65,1,35104.4,3,0,1,23965.1,1
697,Female,49,4,92206.8,3,1,0,138724,0
698,Male,24,6,27320.8,4,0,0,48353.4,0
699,Male,50,5,22284.5,4,0,0,32494.8,0
700,Male,55,3,1530.19,2,1,1,118265,1
701,Male,48,2,15100.6,1,0,1,85067.5,0
702,Male,51,3,43690.3,2,0,0,24011.3,1
703,Female,32,6,74134.4,1,1,0,135905,1
704,Male,31,8,80086,4,1,1,53760.1,0
705,Male,61,1,68653.7,1,0,0,29689.9,1
706,Male,25,3,94775.7,4,1,0,67448.2,1
707,Female,58,5,87392.5,4,0,0,63899.3,1
708,Female,48,4,78794.1,4,0,0,96447.1,1
709,Female,51,8,56884.7,3,1,1,106180,1
710,Female,22,8,36052.7,3,0,1,72575.2,1
711,Male,46,8,3798.3,4,1,1,8114.07,0
712,Male,25,5,91513.8,1,1,0,28244,1
713,Female,28,5,68686.6,1,0,1,40682.6,0
714,Male,23,4,64374.1,1,0,0,106829,1
715,Female,57,2,34946.8,2,1,0,43821.2,0
716,Male,40,9,11043.6,4,1,0,49042.8,1
717,Female,66,2,11543.8,4,1,1,68730,1
718,Female,28,9,45364.5,4,1,0,7389.59,1
719,Female,42,2,28747.7,4,0,0,24832.9,0
720,Female,56,5,17582.3,2,0,1,102197,0
721,Female,27,5,67059.3,1,0,0,19799.6,1
722,Male,40,10,43980.9,2,0,1,14212.4,1
723,Female,54,9,16857.4,1,1,0,105180,1
724,Male,26,9,75428.4,1,1,0,44730.8,0
725,Female,39,2,63729.9,3,0,0,31593.6,1
726,Male,18,7,10115.1,3,1,1,136706,0
727,Male,52,5,96433.8,3,0,1,66026,1
728,Male,67,9,37209,2,0,0,121711,1
729,Female,67,2,90576,1,0,1,21129.5,1
730,Female,18,10,72645.7,4,1,0,68882.9,0
731,Male,47,7,57385.8,4,1,0,146791,1
732,Male,19,2,82699.1,3,0,1,118819,0
733,Female,35,8,52534.9,2,1,1,52023.6,0
734,Female,51,5,3651.28,4,1,1,130520,1
735,Male,51,5,48699,4,0,0,30754.2,1
736,Female,18,9,36461,1,1,1,119374,1
737,Female,47,5,40401.4,3,0,1,47530.9,1
738,Female,19,10,72490,3,1,0,39388.8,0
739,Male,22,4,51328.6,3,0,1,85397.5,0
740,Female,56,7,16848.5,3,0,1,80289.1,0
741,Male,54,10,51569.5,3,0,0,1128.56,1
742,Female,52,9,96220.9,2,0,1,132329,0
743,Female,29,7,56912.1,4,1,1,53059.7,0
744,Male,40,3,80874.8,2,0,1,141015,1
745,Female,54,10,50835.7,3,0,1,95537.6,0
746,Male,60,3,85612.6,2,1,0,102261,0
747,Male,23,5,9673.48,1,1,1,137119,0
748,Male,56,8,26337.6,1,0,0,89591.1,0
749,Female,51,6,64273.3,3,0,1,54244,1
750,Male,29,10,21236.6,1,0,1,75139,0
751,Male,43,7,53097.3,4,0,1,83502.8,0
752,Female,56,10,37882.7,1,0,0,104775,0
753,Male,38,10,28455.1,3,1,1,78775.2,1
754,Male,48,1,61914,4,0,0,43139.2,1
755,Male,29,5,78923.8,2,1,0,127571,0
756,Female,45,8,26755.5,4,0,1,35094.7,1
757,Male,19,6,79421.5,1,1,0,15620.4,1
758,Female,64,4,14732.9,3,0,0,128874,0
759,Male,29,8,13615.9,2,1,1,46025.3,0
760,Male,51,3,8805.48,4,1,0,81244.2,0
761,Female,63,7,48812.4,3,0,1,76792.2,0
762,Male,37,1,12779.3,2,1,0,17972.6,0
763,Male,28,8,11013.5,2,0,0,59644.6,0
764,Male,36,5,19535.4,3,0,1,145441,1
765,Female,66,8,82905.4,4,1,0,142633,0
766,Male,18,1,97938.8,4,1,0,78823.8,1
767,Male,59,10,6342.82,3,1,1,92428.5,1
768,Male,53,3,91809.5,4,1,1,13452.2,0
769,Male,52,4,91849.5,2,0,0,16966.3,1
770,Female,20,4,87070.8,1,0,0,93290.8,1
771,Male,41,8,58757.6,3,1,0,2647.14,1
772,Female,52,5,22630.5,4,0,0,90923.2,1
773,Female,25,6,42429.6,2,1,1,16040.9,1
774,Male,32,4,68450.2,2,0,0,147659,1
775,Male,49,3,11308.6,4,0,0,116889,1
776,Female,38,2,40303.3,3,1,1,2753.32,0
777,Female,30,7,53111.1,3,1,1,136516,1
778,Female,56,2,40745.4,3,1,1,81250.9,1
779,Female,32,8,6541.09,4,1,0,92601.3,1
780,Male,45,5,62187.8,4,1,0,11262.5,0
781,Male,43,4,37872.2,3,1,1,22646.2,0
782,Male,60,2,96748.3,3,1,1,141438,0
783,Female,46,1,58441.9,4,0,1,10885.8,1
784,Male,40,6,44074.3,3,0,0,39040.8,0
785,Female,29,6,18275.4,1,0,1,57153.6,0
786,Male,30,9,71993.5,4,1,1,49258.8,0
787,Female,19,4,55609.6,4,0,0,24610.7,0
788,Female,31,3,32497.2,4,1,1,90398.9,0
789,Female,27,4,38390.2,4,1,1,3303.38,1
790,Female,42,5,84632.3,4,1,0,106802,1
791,Female,56,7,287.61,1,0,0,147246,0
792,Male,27,5,75369.9,2,1,1,59014.8,0
793,Female,56,9,17073,1,0,1,5138.67,0
794,Male,37,10,43192.8,2,1,0,13567.3,1
795,Female,45,1,53816.2,3,0,1,51167.6,1
796,Male,52,5,96812.4,3,0,1,71550.8,0
797,Male,60,2,41124.1,2,0,0,98589.2,1
798,Male,60,2,10468.9,1,0,0,113739,1
799,Male,21,7,83899.9,2,0,1,142354,0
800,Male,47,6,99212.4,2,0,0,122628,1
801,Male,50,1,30352.9,2,1,1,129897,0
802,Female,21,5,323.06,3,0,1,27780.3,0
803,Male,43,3,77271.6,1,0,0,29341.9,1
804,Male,48,6,71376,1,0,0,139239,0
805,Female,59,6,40298.8,2,0,0,6409.82,1
806,Male,60,1,53387,3,1,1,7068.93,0
807,Male,64,10,84006.9,2,1,0,22277.8,1
808,Female,21,9,30046.3,4,0,0,67935.9,0
809,Male,31,1,24314.4,1,0,0,121389,1
810,Male,51,9,40762.8,2,1,1,100898,1
811,Female,24,8,11505.2,2,1,1,116901,0
812,Female,54,10,76039.5,4,1,1,125752,0
813,Female,62,10,12818,4,0,1,77546.4,0
814,Male,63,10,99650,1,1,1,91652.7,0
815,Male,43,9,78243.4,2,0,0,24035.4,1
816,Female,21,6,72410.7,4,0,0,117027,0
817,Male,65,10,90772.9,3,1,1,89324.2,0
818,Female,19,8,57663.4,3,1,1,26968.9,1
819,Female,45,10,13413.8,4,1,0,119693,0
820,Male,48,9,30470.2,1,0,1,44883.4,1
821,Female,30,10,298.88,1,1,0,119375,1
822,Male,38,8,43156.4,4,1,1,80328.8,0
823,Male,52,8,57489,3,1,1,72409.8,1
824,Female,19,1,98276.9,4,0,1,126273,0
825,Female,45,2,3051.37,3,1,1,105192,0
826,Male,32,1,47348.7,1,0,0,44239,1
827,Male,26,9,50908.6,1,0,0,13415.5,0
828,Female,59,5,70516,1,1,1,122854,0
829,Male,18,9,97871.8,2,0,1,18339.8,1
830,Female,21,7,8858.57,2,0,1,130105,1
831,Male,66,4,76233.6,4,1,1,37748.1,1
832,Female,22,6,57904.2,1,0,1,133763,1
833,Female,27,10,26627.3,2,0,0,89442.5,0
834,Male,32,10,92794.3,4,0,1,113318,1
835,Female,52,10,72262.9,3,1,0,76708.5,0
836,Female,65,9,49493.9,4,1,0,53556.7,1
837,Female,44,4,27304.2,1,0,0,69217.1,1
838,Male,44,2,22226.9,3,0,1,40678.8,1
839,Female,50,1,9640.88,2,1,0,24436.3,0
840,Male,29,1,65072.7,1,0,0,93940.2,0
841,Male,58,2,10122.3,1,1,1,88640.5,0
842,Female,57,5,6802.69,4,0,1,79953.9,1
843,Male,34,4,59766.4,1,0,1,133544,0
844,Male,31,10,96885.2,4,1,1,149805,1
845,Female,56,1,8750.78,1,1,0,6672.73,0
846,Female,64,2,7369.88,4,0,1,96121.5,1
847,Female,23,9,83994,3,0,0,78315.6,0
848,Male,40,1,87079.7,1,0,1,135769,1
849,Male,48,10,76435,1,1,1,40574.5,0
850,Female,32,9,44280.6,3,1,1,112834,0
851,Female,53,2,62654,3,1,1,124164,0
852,Male,38,2,62018.3,3,0,1,135184,1
853,Male,29,9,73633.8,1,1,1,142007,0
854,Female,18,1,35422.3,3,1,0,51837.8,0
855,Male,29,9,52670.9,1,1,0,149997,1
856,Female,29,4,97612.1,4,1,1,52650.7,1
857,Female,67,4,68425.2,2,0,0,27245.2,1
858,Male,57,9,3860.18,3,1,1,9230.87,1
859,Female,52,10,84545.8,2,1,1,23327.4,0
860,Male,57,9,95957.4,1,0,0,53168.5,1
861,Female,41,9,83423.9,3,1,1,5731.89,0
862,Female,45,6,3317.49,3,1,1,73419.8,1
863,Female,63,2,29399.8,4,0,1,60112,1
864,Male,44,7,63427.8,1,0,1,52918.3,0
865,Female,49,7,27481.1,2,1,1,125805,1
866,Female,19,5,98654.5,3,0,0,41484.7,0
867,Female,45,10,13472.5,4,1,1,134885,1
868,Female,59,6,13348.3,1,0,0,17005.2,0
869,Female,44,1,76493.7,3,1,1,8664.78,1
870,Male,31,9,46777.6,4,0,0,7160,1
871,Female,58,5,98469.9,2,0,1,27054.1,1
872,Female,47,2,74247.7,2,1,1,45885.5,0
873,Female,47,8,16765.6,2,1,0,14526.6,1
874,Female,49,7,30376.5,3,0,1,86578.6,1
875,Female,57,4,46446.7,1,1,1,20420.3,1
876,Female,31,1,56454.4,3,0,1,34768.9,1
877,Male,28,8,27267.6,1,0,1,23814.4,1
878,Female,58,4,43144.3,1,1,1,52043.9,1
879,Female,37,1,14160,3,0,0,120524,1
880,Male,19,2,56354.1,2,0,0,123280,1
881,Male,22,3,99124.3,1,0,0,19600.1,0
882,Male,27,6,9958.59,4,0,1,27904.7,0
883,Male,29,8,3717.82,4,1,1,97584.3,1
884,Male,25,2,20012.8,3,0,0,64136.2,0
885,Male,59,5,76339.8,2,0,1,90395.5,0
886,Female,39,9,6980.05,3,0,0,130045,1
887,Female,34,8,59308.3,4,0,0,105590,0
888,Female,27,5,48203.2,1,0,1,32419.6,1
889,Male,40,1,9080.15,1,1,1,143960,0
890,Male,51,9,13830.8,1,1,0,5594.28,1
891,Female,59,6,48409.2,3,1,0,7917.31,1
892,Female,48,9,66202.2,3,0,1,46558.8,1
893,Male,56,9,87093.5,4,1,0,88356.3,0
894,Male,50,5,52686.8,1,0,0,29686.3,1
895,Male,61,3,44628.8,3,1,1,105075,0
896,Female,43,2,7885.92,1,1,0,37571.7,0
897,Female,35,6,61039.2,2,1,0,96219.9,0
898,Male,45,6,25963.7,3,1,0,91459.8,0
899,Female,57,2,17423.5,3,0,0,96487.1,1
900,Male,50,6,68383.9,4,0,1,32985.6,0
901,Male,41,1,76782,3,0,1,113508,0
902,Male,58,4,40037.9,4,0,0,59256.2,1
903,Male,64,1,55796.4,3,0,0,103944,0
904,Female,50,5,48131.4,4,0,0,134606,1
905,Male,47,9,28799.7,1,0,1,62038.1,1
906,Male,66,6,76118.3,1,1,0,82084.4,0
907,Female,25,1,75335.2,3,1,1,97811.9,0
908,Male,18,7,18539.5,1,0,0,143859,0
909,Male,51,10,69217.4,3,0,1,31943.7,1
910,Female,54,10,70505.9,3,1,0,72035.2,0
911,Female,42,7,55694.5,4,0,1,107768,1
912,Female,56,4,29493.4,3,1,0,88422.7,0
913,Male,64,4,71991.9,3,0,0,141478,1
914,Male,60,2,44368.2,3,1,1,96224.2,0
915,Male,46,1,75451.7,2,0,0,100812,0
916,Male,45,5,35924.1,3,1,0,129409,1
917,Male,43,9,55520.2,2,1,1,90098.6,0
918,Female,26,1,75225.6,3,1,1,39112.8,1
919,Male,52,6,46883.4,4,1,0,112155,0
920,Female,40,5,7084.83,4,0,1,120205,1
921,Female,58,2,20063.1,3,0,1,22076,0
922,Female,26,3,60916.6,2,1,1,118917,1
923,Male,55,6,62699.6,2,0,0,112691,0
924,Female,45,10,85972.1,3,0,0,124275,1
925,Male,28,6,8586.27,4,1,1,94810.6,0
926,Female,47,9,43754.6,3,1,1,2990.74,1
927,Female,18,4,97916.9,3,1,1,22776.3,0
928,Female,26,8,33952,2,1,0,101410,1
929,Male,45,4,30978.5,2,1,1,116181,1
930,Female,51,6,86742.1,3,0,0,138393,0
931,Male,31,2,15457.7,1,0,1,27849.9,1
932,Male,63,2,7961.31,4,0,1,22784.4,0
933,Male,47,7,47595.7,2,1,0,142507,0
934,Female,44,4,97590.6,4,1,1,73362.2,1
935,Female,61,8,95110.9,3,0,1,96381.2,0
936,Male,29,4,6174.43,2,0,1,145911,1
937,Female,67,7,28722.9,2,1,1,114652,0
938,Male,61,10,91904.2,4,1,1,136537,1
939,Female,21,8,65672,4,1,0,48048.1,0
940,Male,46,7,65719.4,2,0,1,30759,1
941,Female,38,2,25789.1,4,0,1,20171,1
942,Male,32,3,32924.9,4,1,1,97313.6,1
943,Female,42,9,77910.8,2,0,1,10635.6,1
944,Male,54,3,89587.7,4,1,0,134053,0
945,Male,55,10,58438,1,0,1,20500.9,1
946,Female,40,6,37226.6,1,0,0,38840.1,1
947,Female,43,7,77181.5,4,0,1,48633,1
948,Female,31,7,63284.6,1,1,1,9611.22,1
949,Male,48,8,73810.1,3,0,1,74810.9,0
950,Male,35,3,37571,1,0,0,70176.6,1
951,Male,42,1,69104.1,2,1,0,120622,1
952,Female,23,9,87610.5,4,1,0,145805,1
953,Male,22,5,96557.9,2,1,0,70955.5,0
954,Female,39,1,91521,2,1,0,148517,1
955,Female,61,5,75861.7,2,1,1,31098.7,0
956,Male,60,7,78922.8,4,0,0,62845,1
957,Male,57,8,50877.5,1,1,1,46751.3,1
958,Male,32,7,62720.1,1,0,1,111969,0
959,Female,30,3,39878.6,2,0,0,99408.4,1
960,Male,21,1,86644.5,2,1,1,134563,1
961,Male,57,6,23460,3,0,0,38926.6,0
962,Male,21,1,85126.4,1,1,0,68429.4,1
963,Male,35,6,57759.1,2,1,0,35753.9,0
964,Female,40,10,54116.6,4,0,0,29792.1,0
965,Female,47,3,65906.1,2,0,0,126656,1
966,Female,22,3,93217.4,4,1,1,105246,1
967,Female,42,2,31554,1,1,1,88862.6,1
968,Female,39,7,90471.2,3,0,1,75942.8,0
969,Female,30,4,14748.6,3,1,0,104108,1
970,Male,63,2,81131.3,3,0,1,85353.5,0
971,Male,26,5,80496.5,3,1,0,79968.1,0
972,Female,24,7,91615,3,0,1,16367.4,1
973,Female,36,3,99532,2,1,0,119177,1
974,Female,62,9,79436.6,2,0,0,43142.9,1
975,Male,38,4,29918,3,1,1,9599.22,0
976,Female,59,8,10432.9,2,1,1,65359,0
977,Male,58,1,55944.9,4,0,1,121556,0
978,Male,47,7,44489.7,2,0,1,114720,0
979,Male,27,3,87712.6,3,1,0,49142.8,1
980,Female,29,4,96624,4,0,0,42770.6,1
981,Male,56,6,36153.7,1,1,1,143512,1
982,Male,27,9,82334.3,2,1,0,13614.6,1
983,Male,35,5,15888.6,2,1,1,36834.1,0
984,Female,64,4,99381.4,4,0,1,78430.5,0
985,Male,49,9,31010.7,1,0,1,129618,0
986,Male,55,3,11693.3,4,0,0,106535,0
987,Male,29,2,99400.9,3,1,0,128801,1
988,Male,57,1,70027.5,2,0,1,85542.6,0
989,Female,62,9,74567.6,1,0,0,106464,0
990,Male,58,1,79704.8,4,1,1,91008.2,0
991,Male,55,6,50038.8,4,1,1,73454.7,1
992,Female,54,5,294.37,3,1,1,31191,0
993,Male,41,1,98877.2,3,0,0,26235.9,1
994,Male,37,10,32423,4,1,0,75677.8,1
995,Male,51,8,94875.5,2,0,0,99883.2,1
996,Male,65,6,87608,3,0,1,62568.2,0
997,Female,52,2,47684.7,1,1,0,91893.9,1
998,Male,46,6,83599.6,3,1,0,97636.2,0
999,Male,28,6,7918.03,4,1,0,123351,1
1000,Female,33,7,31174.1,3,0,1,103166,1
